[{"Name":"","Event":""},{"Name":"Ritik Bhandarkar","Event":"Shark Tank"},{"Name":"Rajat Patle","Event":"Shark Tank"},{"Name":"Sakshi Aglave","Event":"Shark Tank"},{"Name":"Nandini Giri","Event":"Shark Tank"},{"Name":"Anisha Shende","Event":"Shark Tank"},{"Name":"","Event":""},{"Name":"Mohd Saad Siddiqui","Event":"Code{a}thon"},{"Name":"Jatin Ukey","Event":"Code{a}thon"},{"Name":"Revati Keskar","Event":"Code{a}thon"},{"Name":"Isha Khutafale","Event":"Code{a}thon"},{"Name":"Aparna Badhe","Event":"Code{a}thon"},{"Name":"","Event":""},{"Name":"Garima Purohit","Event":"Campus Experia"},{"Name":"Srushti Gajbhiye","Event":"Campus Experia"},{"Name":"Poorva Harde","Event":"Campus Experia"},{"Name":"Uttara Balpande","Event":"Campus Experia"},{"Name":"","Event":""},{"Name":"Priyanka Rode","Event":"Jollywood"},{"Name":"Vaishnavi Bagekar","Event":"Jollywood"},{"Name":"Harsh Dubey","Event":"Jollywood"},{"Name":"Anushree Padole","Event":"Jollywood"},{"Name":"Tanishka Gughane","Event":"Jollywood"},{"Name":"","Event":""},{"Name":"Anjali Rambhad","Event":"Game Mindster"},{"Name":"Anuja Ghagre","Event":"Game Mindster"},{"Name":"Harshita Mahakalkar","Event":"Game Mindster"},{"Name":"Madhura Pawar","Event":"Game Mindster"},{"Name":"Mrunmayi Ambhaikar","Event":"Game Mindster"},{"Name":"Adwait Shesh","Event":"Game Mindster"},{"Name":"","Event":" "},{"Name":"Vedant Chaudhari","Event":"Mini-Militia"},{"Name":"Piyush Pise","Event":"Mini-Militia"},{"Name":"Gajendra Naphade","Event":"Mini-Militia"},{"Name":"Rupesh Dhamane","Event":"Mini-Militia"},{"Name":"","Event":""},{"Name":"Anushree Gattani","Event":"Dicipline Committee"},{"Name":"Aditya Gaikwad","Event":"Dicipline Committee"},{"Name":"Tejas Mahakalkar","Event":"Dicipline Committee"},{"Name":"Sanchit Tete","Event":"Dicipline Committee"},{"Name":"Yash Pathode","Event":"Dicipline Committee"},{"Name":"","Event":""},{"Name":"Mayuri Anandikar","Event":"Registration Committee"},{"Name":"Dipali Dhore","Event":"Registration Committee"},{"Name":"Sayali Dharne","Event":"Registration Committee"},{"Name":"Rasika Itankar","Event":"Registration Committee"}]